P,E,N,Z,D
1001,1000.000,5000.000,100.000,TOPO
1002,1000.000,5007.500,100.337,TOPO
1003,1000.000,5015.000,100.675,TOPO
1004,1000.000,5022.500,101.012,TOPO
1005,1000.000,5030.000,101.350,TOPO
1006,1000.000,5037.500,101.687,TOPO
1007,1000.000,5045.000,102.025,TOPO
1008,1000.000,5052.500,102.362,TOPO
1009,1000.000,5060.000,102.700,TOPO
1010,1000.000,5067.500,103.037,TOPO
1011,1000.000,5075.000,103.375,TOPO
1012,1000.000,5082.500,103.712,TOPO
1013,1000.000,5090.000,104.050,TOPO
1014,1000.000,5097.500,104.387,TOPO
1015,1000.000,5105.000,104.725,TOPO
1016,1000.000,5112.500,105.062,TOPO
1017,1000.000,5120.000,105.400,TOPO
1018,1000.000,5127.500,105.737,TOPO
1019,1000.000,5135.000,106.075,TOPO
1020,1000.000,5142.500,106.412,TOPO
1021,1000.000,5150.000,106.750,TOPO
1022,1000.000,5157.500,107.087,TOPO
1023,1000.000,5165.000,107.425,TOPO
1024,1000.000,5172.500,107.762,TOPO
1025,1000.000,5180.000,108.100,TOPO
1026,1007.500,5000.000,100.358,TOPO
1027,1007.203,5006.370,100.629,TOPO
1028,1007.694,5013.437,100.964,TOPO
1029,1006.257,5021.197,101.237,TOPO
1030,1008.733,5030.141,101.730,TOPO
1031,1006.237,5037.388,101.934,TOPO
1032,1006.169,5044.524,102.235,TOPO
1033,1005.794,5051.490,102.516,TOPO
1034,1008.891,5060.547,102.992,TOPO
1035,1007.014,5069.423,103.304,TOPO
1036,1007.413,5075.099,103.548,TOPO
1037,1008.554,5083.108,103.901,TOPO
1038,1008.678,5088.311,104.116,TOPO
1039,1006.653,5099.415,104.550,TOPO
1040,1006.369,5103.796,104.733,TOPO
1041,1009.121,5112.313,105.115,TOPO
1042,1009.236,5120.161,105.447,TOPO
1043,1007.963,5128.650,105.810,TOPO
1044,1008.936,5135.039,106.094,TOPO
1045,1005.517,5141.029,106.357,TOPO
1046,1009.478,5149.963,106.772,TOPO
1047,1007.266,5156.036,107.046,TOPO
1048,1005.673,5164.740,107.443,TOPO
1049,1008.257,5171.148,107.760,TOPO
1050,1007.500,5180.000,108.176,TOPO
1051,1015.000,5000.000,100.707,TOPO
1052,1015.080,5005.541,100.958,TOPO
1053,1013.449,5016.951,101.378,TOPO
1054,1014.841,5023.801,101.726,TOPO
1055,1015.939,5028.517,101.965,TOPO
1056,1015.453,5039.405,102.379,TOPO
1057,1013.041,5046.195,102.556,TOPO
1058,1016.953,5054.256,102.998,TOPO
1059,1013.632,5059.476,103.092,TOPO
1060,1016.505,5068.255,103.504,TOPO
1061,1016.929,5075.654,103.786,TOPO
1062,1014.111,5083.385,104.017,TOPO
1063,1013.222,5091.598,104.320,TOPO
1064,1014.912,5096.043,104.516,TOPO
1065,1014.421,5103.701,104.806,TOPO
1066,1014.282,5111.299,105.102,TOPO
1067,1016.820,5120.636,105.460,TOPO
1068,1014.268,5128.169,105.785,TOPO
1069,1013.802,5135.014,106.085,TOPO
1070,1016.176,5142.849,106.427,TOPO
1071,1016.432,5150.186,106.780,TOPO
1072,1014.201,5156.617,107.096,TOPO
1073,1016.534,5165.261,107.529,TOPO
1074,1016.477,5170.854,107.810,TOPO
1075,1015.000,5180.000,108.257,TOPO
1076,1022.500,5000.000,101.031,TOPO
1077,1020.973,5006.035,101.240,TOPO
1078,1023.131,5014.362,101.689,TOPO
1079,1022.164,5021.431,101.939,TOPO
1080,1020.810,5031.434,102.278,TOPO
1081,1020.599,5036.948,102.480,TOPO
1082,1021.485,5043.760,102.766,TOPO
1083,1023.722,5051.242,103.109,TOPO
1084,1020.646,5059.131,103.290,TOPO
1085,1020.518,5067.759,103.591,TOPO
1086,1022.574,5075.568,103.911,TOPO
1087,1023.045,5080.578,104.091,TOPO
1088,1022.650,5089.276,104.376,TOPO
1089,1022.627,5097.070,104.628,TOPO
1090,1024.000,5103.322,104.803,TOPO
1091,1021.118,5114.487,105.177,TOPO
1092,1023.599,5121.291,105.290,TOPO
1093,1024.018,5128.105,105.491,TOPO
1094,1022.721,5136.915,105.953,TOPO
1095,1021.095,5142.914,106.330,TOPO
1096,1022.707,5149.033,106.607,TOPO
1097,1021.086,5157.602,107.128,TOPO
1098,1021.116,5165.652,107.564,TOPO
1099,1023.055,5173.267,107.982,TOPO
1100,1022.500,5180.000,108.343,TOPO
1101,1030.000,5000.000,101.252,TOPO
1102,1030.022,5007.297,101.631,TOPO
1103,1029.056,5015.778,101.979,TOPO
1104,1028.753,5022.321,102.233,TOPO
1105,1028.983,5031.033,102.573,TOPO
1106,1031.995,5038.182,102.932,TOPO
1107,1029.007,5046.409,103.115,TOPO
1108,1030.794,5053.072,103.389,TOPO
1109,1029.739,5061.645,103.632,TOPO
1110,1031.119,5068.270,103.868,TOPO
1111,1030.499,5073.975,104.023,TOPO
1112,1028.799,5080.546,104.186,TOPO
1113,1028.806,5088.166,104.388,TOPO
1114,1028.742,5099.024,104.601,TOPO
1115,1028.557,5103.706,104.669,TOPO
1116,1031.887,5111.750,104.419,TOPO
1117,1031.531,5121.308,104.530,TOPO
1118,1031.924,5126.751,104.596,TOPO
1119,1031.279,5136.208,105.072,TOPO
1120,1030.952,5140.672,105.377,TOPO
1121,1030.962,5149.908,106.047,TOPO
1122,1028.882,5158.680,106.936,TOPO
1123,1031.089,5166.898,107.446,TOPO
1124,1029.277,5173.915,108.006,TOPO
1125,1030.000,5180.000,108.390,TOPO
1126,1037.500,5000.000,101.116,TOPO
1127,1038.344,5007.826,101.684,TOPO
1128,1037.869,5015.863,102.177,TOPO
1129,1036.593,5022.773,102.486,TOPO
1130,1038.793,5029.335,102.791,TOPO
1131,1038.189,5036.564,103.047,TOPO
1132,1039.352,5045.820,103.373,TOPO
1133,1036.086,5054.099,103.560,TOPO
1134,1039.208,5058.127,103.721,TOPO
1135,1036.213,5067.067,103.917,TOPO
1136,1037.995,5074.111,104.051,TOPO
1137,1035.953,5081.370,104.180,TOPO
1138,1037.179,5090.577,104.104,TOPO
1139,1036.952,5096.496,104.027,TOPO
1140,1038.148,5104.474,103.698,TOPO
1141,1035.925,5113.202,103.885,TOPO
1142,1036.394,5118.802,103.833,TOPO
1143,1036.973,5125.878,103.893,TOPO
1144,1037.002,5136.294,104.304,TOPO
1145,1037.631,5140.788,104.487,TOPO
1146,1037.232,5150.618,105.271,TOPO
1147,1038.273,5158.651,105.903,TOPO
1148,1038.949,5164.016,106.392,TOPO
1149,1038.404,5170.972,107.233,TOPO
1150,1037.500,5180.000,108.200,TOPO
1151,1045.000,5000.000,100.392,TOPO
1152,1046.191,5008.176,101.124,TOPO
1153,1044.388,5015.432,101.941,TOPO
1154,1046.271,5023.205,102.358,TOPO
1155,1046.022,5031.992,102.845,TOPO
1156,1044.084,5038.860,103.166,TOPO
1157,1046.315,5044.878,103.316,TOPO
1158,1046.125,5053.031,103.527,TOPO
1159,1046.991,5061.428,103.598,TOPO
1160,1046.809,5068.193,103.602,TOPO
1161,1045.086,5073.494,103.692,TOPO
1162,1044.784,5083.622,103.476,TOPO
1163,1046.097,5091.598,103.030,TOPO
1164,1046.203,5096.273,102.903,TOPO
1165,1043.810,5106.276,103.023,TOPO
1166,1046.133,5110.646,103.032,TOPO
1167,1043.993,5118.257,103.261,TOPO
1168,1043.868,5127.023,103.597,TOPO
1169,1043.863,5135.061,103.930,TOPO
1170,1046.182,5141.114,104.311,TOPO
1171,1046.747,5148.636,104.625,TOPO
1172,1043.790,5157.008,105.115,TOPO
1173,1046.400,5165.126,105.624,TOPO
1174,1044.894,5172.912,106.636,TOPO
1175,1045.000,5180.000,107.485,TOPO
1176,1052.500,5000.000,99.689,TOPO
1177,1051.109,5009.241,100.636,TOPO
1178,1051.825,5014.238,101.042,TOPO
1179,1053.620,5024.229,101.695,TOPO
1180,1053.530,5028.578,102.024,TOPO
1181,1054.265,5037.642,102.450,TOPO
1182,1053.513,5046.926,102.855,TOPO
1183,1054.109,5053.569,102.890,TOPO
1184,1054.081,5061.550,102.879,TOPO
1185,1051.957,5067.857,103.045,TOPO
1186,1051.925,5073.379,102.906,TOPO
1187,1053.760,5081.303,102.518,TOPO
1188,1052.738,5088.911,102.548,TOPO
1189,1052.221,5098.996,102.833,TOPO
1190,1053.662,5104.641,103.348,TOPO
1191,1051.726,5111.733,103.577,TOPO
1192,1051.748,5121.474,104.224,TOPO
1193,1051.132,5126.240,104.388,TOPO
1194,1053.065,5134.178,105.079,TOPO
1195,1051.400,5142.229,105.028,TOPO
1196,1051.992,5149.760,105.260,TOPO
1197,1052.060,5159.041,105.405,TOPO
1198,1054.035,5164.139,105.728,TOPO
1199,1050.920,5172.348,105.997,TOPO
1200,1052.500,5180.000,106.610,TOPO
1201,1060.000,5000.000,100.091,TOPO
1202,1058.776,5008.061,100.116,TOPO
1203,1059.310,5016.818,100.555,TOPO
1204,1058.079,5020.957,100.916,TOPO
1205,1061.402,5028.224,101.115,TOPO
1206,1060.002,5039.154,101.801,TOPO
1207,1060.918,5045.225,101.909,TOPO
1208,1060.623,5053.302,102.096,TOPO
1209,1061.403,5059.697,102.085,TOPO
1210,1061.931,5066.868,102.145,TOPO
1211,1058.198,5074.013,102.307,TOPO
1212,1060.533,5083.233,102.694,TOPO
1213,1061.852,5088.701,103.308,TOPO
1214,1061.872,5096.412,104.027,TOPO
1215,1058.350,5106.398,104.284,TOPO
1216,1061.161,5110.623,105.084,TOPO
1217,1061.115,5120.153,105.667,TOPO
1218,1058.747,5127.959,105.747,TOPO
1219,1061.256,5135.097,106.368,TOPO
1220,1061.658,5142.177,106.664,TOPO
1221,1060.445,5151.913,106.726,TOPO
1222,1059.472,5158.840,106.604,TOPO
1223,1058.705,5163.322,106.450,TOPO
1224,1059.147,5172.923,106.503,TOPO
1225,1060.000,5180.000,106.715,TOPO
1226,1067.500,5000.000,101.310,TOPO
1227,1067.907,5007.538,101.228,TOPO
1228,1067.602,5015.480,101.050,TOPO
1229,1068.842,5021.516,101.202,TOPO
1230,1069.038,5029.466,101.297,TOPO
1231,1065.894,5037.446,101.353,TOPO
1232,1068.821,5046.135,101.723,TOPO
1233,1065.705,5053.992,101.852,TOPO
1234,1068.265,5059.583,102.187,TOPO
1235,1066.175,5066.123,102.300,TOPO
1236,1068.162,5075.478,103.216,TOPO
1237,1067.504,5080.998,103.592,TOPO
1238,1067.715,5091.991,104.628,TOPO
1239,1066.523,5096.859,104.845,TOPO
1240,1065.512,5106.611,105.403,TOPO
1241,1068.846,5111.672,105.989,TOPO
1242,1066.603,5119.037,106.161,TOPO
1243,1066.707,5126.687,106.503,TOPO
1244,1067.052,5135.440,106.891,TOPO
1245,1068.054,5142.872,107.259,TOPO
1246,1068.423,5150.145,107.570,TOPO
1247,1066.639,5158.355,107.668,TOPO
1248,1068.715,5164.925,108.047,TOPO
1249,1068.773,5172.696,108.149,TOPO
1250,1067.500,5180.000,107.913,TOPO
1251,1075.000,5000.000,102.223,TOPO
1252,1073.218,5006.164,102.073,TOPO
1253,1074.500,5015.351,102.172,TOPO
1254,1073.282,5022.056,101.901,TOPO
1255,1074.524,5030.135,102.092,TOPO
1256,1074.904,5038.708,102.268,TOPO
1257,1076.243,5046.915,102.742,TOPO
1258,1075.566,5053.454,102.927,TOPO
1259,1076.059,5059.548,103.374,TOPO
1260,1076.870,5068.384,104.132,TOPO
1261,1075.369,5073.024,104.250,TOPO
1262,1076.565,5084.038,105.173,TOPO
1263,1074.566,5089.909,105.330,TOPO
1264,1075.285,5098.196,105.802,TOPO
1265,1075.711,5104.566,106.090,TOPO
1266,1076.265,5110.657,106.351,TOPO
1267,1076.401,5121.412,106.771,TOPO
1268,1074.923,5128.803,107.008,TOPO
1269,1075.656,5135.431,107.316,TOPO
1270,1074.745,5141.544,107.544,TOPO
1271,1074.103,5150.610,107.922,TOPO
1272,1075.452,5156.025,108.233,TOPO
1273,1074.820,5165.017,108.592,TOPO
1274,1075.443,5173.678,108.958,TOPO
1275,1075.000,5180.000,109.079,TOPO
1276,1082.500,5000.000,102.575,TOPO
1277,1081.662,5007.342,102.795,TOPO
1278,1081.246,5016.538,102.967,TOPO
1279,1083.586,5020.811,103.221,TOPO
1280,1083.538,5030.702,103.405,TOPO
1281,1084.494,5039.241,103.712,TOPO
1282,1083.361,5043.764,103.726,TOPO
1283,1083.071,5053.663,104.103,TOPO
1284,1080.545,5059.602,104.091,TOPO
1285,1081.849,5069.088,104.806,TOPO
1286,1083.031,5076.545,105.290,TOPO
1287,1083.288,5084.359,105.648,TOPO
1288,1082.522,5091.060,105.878,TOPO
1289,1083.054,5098.977,106.192,TOPO
1290,1083.118,5105.969,106.450,TOPO
1291,1083.446,5113.973,106.763,TOPO
1292,1082.179,5121.531,107.006,TOPO
1293,1083.513,5127.624,107.307,TOPO
1294,1080.992,5134.832,107.508,TOPO
1295,1082.176,5144.009,107.964,TOPO
1296,1083.996,5149.832,108.310,TOPO
1297,1084.095,5155.691,108.594,TOPO
1298,1083.684,5166.583,109.115,TOPO
1299,1080.846,5171.055,109.205,TOPO
1300,1082.500,5180.000,109.708,TOPO
1301,1090.000,5000.000,102.677,TOPO
1302,1089.864,5006.262,102.946,TOPO
1303,1089.919,5015.593,103.318,TOPO
1304,1089.043,5022.337,103.535,TOPO
1305,1090.813,5031.383,103.899,TOPO
1306,1088.805,5038.810,104.051,TOPO
1307,1088.303,5044.131,104.205,TOPO
1308,1091.102,5054.238,104.759,TOPO
1309,1090.996,5058.157,104.915,TOPO
1310,1091.389,5069.410,105.385,TOPO
1311,1088.334,5075.374,105.508,TOPO
1312,1088.588,5082.243,105.781,TOPO
1313,1089.115,5089.244,106.059,TOPO
1314,1088.225,5097.933,106.346,TOPO
1315,1088.166,5105.356,106.620,TOPO
1316,1090.986,5113.263,107.037,TOPO
1317,1090.880,5121.500,107.365,TOPO
1318,1090.588,5127.124,107.586,TOPO
1319,1090.661,5135.925,107.967,TOPO
1320,1090.110,5140.974,108.167,TOPO
1321,1089.506,5149.408,108.527,TOPO
1322,1091.844,5157.522,109.014,TOPO
1323,1090.183,5164.470,109.282,TOPO
1324,1088.698,5170.839,109.540,TOPO
1325,1090.000,5180.000,110.059,TOPO
1326,1097.500,5000.000,102.716,TOPO
1327,1098.354,5007.295,103.043,TOPO
1328,1098.645,5013.245,103.304,TOPO
1329,1096.669,5022.572,103.683,TOPO
1330,1098.293,5029.802,103.994,TOPO
1331,1096.646,5036.626,104.243,TOPO
1332,1099.443,5044.337,104.600,TOPO
1333,1096.546,5052.774,104.880,TOPO
1334,1096.682,5058.441,105.109,TOPO
1335,1097.154,5069.252,105.549,TOPO
1336,1096.405,5074.524,105.734,TOPO
1337,1099.470,5080.592,106.061,TOPO
1338,1098.352,5088.693,106.348,TOPO
1339,1097.418,5098.072,106.688,TOPO
1340,1097.231,5103.387,106.894,TOPO
1341,1095.625,5112.734,107.208,TOPO
1342,1099.316,5121.603,107.738,TOPO
1343,1097.826,5127.059,107.905,TOPO
1344,1097.286,5136.055,108.273,TOPO
1345,1098.851,5142.550,108.637,TOPO
1346,1097.064,5150.029,108.895,TOPO
1347,1097.061,5158.759,109.304,TOPO
1348,1098.692,5165.382,109.692,TOPO
1349,1097.913,5174.330,110.092,TOPO
1350,1097.500,5180.000,110.355,TOPO
1351,1105.000,5000.000,102.738,TOPO
1352,1104.085,5006.222,103.014,TOPO
1353,1105.948,5013.909,103.362,TOPO
1354,1103.633,5023.149,103.757,TOPO
1355,1106.922,5031.436,104.140,TOPO
1356,1106.802,5038.914,104.467,TOPO
1357,1105.905,5046.317,104.778,TOPO
1358,1104.058,5051.627,104.978,TOPO
1359,1104.949,5061.118,105.397,TOPO
1360,1103.335,5068.091,105.656,TOPO
1361,1106.724,5073.884,105.988,TOPO
1362,1106.844,5081.668,106.329,TOPO
1363,1103.616,5091.794,106.656,TOPO
1364,1104.725,5099.357,107.018,TOPO
1365,1105.003,5106.975,107.358,TOPO
1366,1105.806,5111.839,107.603,TOPO
1367,1105.064,5119.484,107.905,TOPO
1368,1105.434,5126.950,108.251,TOPO
1369,1105.562,5133.551,108.550,TOPO
1370,1105.781,5141.018,108.895,TOPO
1371,1105.469,5151.017,109.333,TOPO
1372,1105.991,5156.854,109.623,TOPO
1373,1104.943,5164.818,109.941,TOPO
1374,1105.972,5174.316,110.426,TOPO
1375,1105.000,5180.000,110.651,TOPO
1376,1112.500,5000.000,102.754,TOPO
1377,1112.857,5006.140,103.032,TOPO
1378,1110.998,5013.305,103.351,TOPO
1379,1113.587,5022.374,103.774,TOPO
1380,1111.539,5029.474,104.086,TOPO
1381,1110.711,5038.214,104.476,TOPO
1382,1111.403,5044.166,104.754,TOPO
1383,1112.734,5053.993,105.225,TOPO
1384,1114.217,5059.383,105.504,TOPO
1385,1113.459,5067.270,105.858,TOPO
1386,1113.812,5076.024,106.277,TOPO
1387,1110.687,5081.374,106.433,TOPO
1388,1112.437,5089.371,106.855,TOPO
1389,1111.636,5095.786,107.122,TOPO
1390,1113.064,5104.647,107.584,TOPO
1391,1111.949,5111.402,107.848,TOPO
1392,1110.846,5118.551,108.124,TOPO
1393,1112.114,5127.030,108.566,TOPO
1394,1111.829,5136.830,108.996,TOPO
1395,1112.656,5143.862,109.352,TOPO
1396,1113.785,5149.281,109.648,TOPO
1397,1114.195,5158.644,110.084,TOPO
1398,1112.848,5165.944,110.345,TOPO
1399,1111.830,5172.375,110.586,TOPO
1400,1112.500,5180.000,110.950,TOPO
1401,1120.000,5000.000,102.774,TOPO
1402,1118.166,5008.302,103.145,TOPO
1403,1121.419,5013.887,103.415,TOPO
1404,1120.092,5021.877,103.785,TOPO
1405,1119.930,5029.704,104.157,TOPO
1406,1121.281,5036.175,104.483,TOPO
1407,1121.751,5045.826,104.967,TOPO
1408,1118.099,5053.582,105.295,TOPO
1409,1118.648,5060.034,105.622,TOPO
1410,1121.923,5068.555,106.120,TOPO
1411,1121.685,5076.286,106.508,TOPO
1412,1121.130,5082.484,106.805,TOPO
1413,1121.805,5089.171,107.164,TOPO
1414,1118.351,5097.123,107.435,TOPO
1415,1121.567,5103.108,107.851,TOPO
1416,1118.821,5111.676,108.154,TOPO
1417,1119.846,5121.645,108.672,TOPO
1418,1121.472,5128.189,109.053,TOPO
1419,1118.419,5136.796,109.307,TOPO
1420,1118.710,5142.985,109.600,TOPO
1421,1118.667,5148.804,109.857,TOPO
1422,1119.419,5158.945,110.336,TOPO
1423,1120.941,5166.163,110.711,TOPO
1424,1121.012,5170.754,110.907,TOPO
1425,1120.000,5180.000,111.248,TOPO
1426,1127.500,5000.000,102.803,TOPO
1427,1125.974,5007.097,103.120,TOPO
1428,1125.875,5016.667,103.569,TOPO
1429,1128.872,5021.467,103.822,TOPO
1430,1129.337,5028.837,104.194,TOPO
1431,1125.694,5036.740,104.558,TOPO
1432,1129.328,5043.063,104.929,TOPO
1433,1128.886,5054.434,105.526,TOPO
1434,1125.847,5059.321,105.728,TOPO
1435,1129.408,5065.575,106.138,TOPO
1436,1127.837,5073.622,106.534,TOPO
1437,1128.903,5080.864,106.954,TOPO
1438,1128.362,5090.144,107.434,TOPO
1439,1127.217,5096.850,107.747,TOPO
1440,1126.893,5103.589,108.082,TOPO
1441,1127.607,5112.828,108.579,TOPO
1442,1128.936,5118.891,108.936,TOPO
1443,1126.434,5125.647,109.156,TOPO
1444,1129.117,5133.182,109.631,TOPO
1445,1127.104,5141.168,109.907,TOPO
1446,1128.977,5151.274,110.435,TOPO
1447,1129.117,5157.969,110.725,TOPO
1448,1125.854,5164.345,110.848,TOPO
1449,1127.766,5173.106,111.281,TOPO
1450,1127.500,5180.000,111.539,TOPO
1451,1135.000,5000.000,102.850,TOPO
1452,1136.929,5008.110,103.240,TOPO
1453,1136.266,5015.261,103.578,TOPO
1454,1135.103,5020.748,103.840,TOPO
1455,1134.370,5031.462,104.382,TOPO
1456,1133.432,5037.926,104.712,TOPO
1457,1136.953,5043.253,105.051,TOPO
1458,1133.939,5053.694,105.578,TOPO
1459,1134.967,5059.241,105.908,TOPO
1460,1136.215,5069.375,106.511,TOPO
1461,1134.834,5076.725,106.893,TOPO
1462,1134.773,5083.304,107.262,TOPO
1463,1135.754,5089.341,107.631,TOPO
1464,1134.046,5095.708,107.926,TOPO
1465,1133.908,5104.453,108.393,TOPO
1466,1134.661,5110.601,108.746,TOPO
1467,1136.561,5120.476,109.328,TOPO
1468,1135.240,5127.228,109.609,TOPO
1469,1133.367,5136.946,109.990,TOPO
1470,1135.024,5144.128,110.386,TOPO
1471,1134.007,5150.127,110.604,TOPO
1472,1133.475,5156.310,110.842,TOPO
1473,1134.079,5163.402,111.154,TOPO
1474,1135.348,5172.974,111.573,TOPO
1475,1135.000,5180.000,111.818,TOPO
1476,1142.500,5000.000,102.921,TOPO
1477,1140.639,5006.849,103.216,TOPO
1478,1142.345,5014.115,103.586,TOPO
1479,1143.164,5023.749,104.086,TOPO
1480,1141.073,5029.477,104.361,TOPO
1481,1144.335,5036.483,104.792,TOPO
1482,1142.233,5045.662,105.274,TOPO
1483,1143.935,5052.811,105.719,TOPO
1484,1141.882,5061.881,106.209,TOPO
1485,1142.648,5066.321,106.488,TOPO
1486,1144.432,5074.636,107.028,TOPO
1487,1143.874,5083.131,107.518,TOPO
1488,1142.695,5091.515,107.973,TOPO
1489,1143.281,5097.574,108.339,TOPO
1490,1143.722,5104.906,108.767,TOPO
1491,1144.242,5110.508,109.093,TOPO
1492,1144.327,5121.076,109.655,TOPO
1493,1140.933,5127.878,109.869,TOPO
1494,1141.358,5133.247,110.145,TOPO
1495,1140.713,5143.421,110.587,TOPO
1496,1143.859,5149.892,110.989,TOPO
1497,1140.547,5155.740,111.104,TOPO
1498,1142.193,5164.699,111.520,TOPO
1499,1143.184,5173.822,111.890,TOPO
1500,1142.500,5180.000,112.082,TOPO
1501,1150.000,5000.000,103.022,TOPO
1502,1148.855,5006.374,103.298,TOPO
1503,1151.246,5016.591,103.838,TOPO
1504,1151.812,5023.449,104.205,TOPO
1505,1150.926,5031.765,104.642,TOPO
1506,1150.562,5037.093,104.935,TOPO
1507,1148.206,5045.414,105.370,TOPO
1508,1150.435,5052.199,105.817,TOPO
1509,1151.491,5061.514,106.405,TOPO
1510,1150.428,5065.545,106.627,TOPO
1511,1150.261,5075.535,107.234,TOPO
1512,1149.551,5080.650,107.527,TOPO
1513,1149.531,5088.925,108.025,TOPO
1514,1149.988,5099.109,108.640,TOPO
1515,1149.198,5105.841,109.000,TOPO
1516,1148.581,5112.500,109.349,TOPO
1517,1149.211,5120.683,109.807,TOPO
1518,1150.031,5128.910,110.253,TOPO
1519,1148.700,5133.157,110.413,TOPO
1520,1148.388,5144.329,110.915,TOPO
1521,1148.012,5151.787,111.220,TOPO
1522,1151.792,5157.960,111.597,TOPO
1523,1148.253,5165.332,111.759,TOPO
1524,1149.229,5173.867,112.096,TOPO
1525,1150.000,5180.000,112.326,TOPO
1526,1157.500,5000.000,103.155,TOPO
1527,1158.197,5006.411,103.466,TOPO
1528,1156.883,5016.734,103.949,TOPO
1529,1155.939,5023.361,104.278,TOPO
1530,1157.191,5028.422,104.579,TOPO
1531,1155.808,5037.002,105.034,TOPO
1532,1158.702,5043.039,105.450,TOPO
1533,1158.345,5051.829,105.971,TOPO
1534,1156.815,5058.282,106.331,TOPO
1535,1158.215,5069.019,107.032,TOPO
1536,1157.450,5076.146,107.457,TOPO
1537,1155.976,5084.135,107.913,TOPO
1538,1158.262,5088.677,108.253,TOPO
1539,1155.723,5098.749,108.788,TOPO
1540,1158.312,5103.134,109.118,TOPO
1541,1155.647,5113.187,109.610,TOPO
1542,1156.781,5118.093,109.910,TOPO
1543,1156.525,5125.560,110.293,TOPO
1544,1157.758,5133.577,110.726,TOPO
1545,1157.894,5141.365,111.093,TOPO
1546,1159.014,5148.720,111.446,TOPO
1547,1157.828,5156.383,111.723,TOPO
1548,1157.863,5166.711,112.111,TOPO
1549,1157.611,5172.064,112.291,TOPO
1550,1157.500,5180.000,112.549,TOPO
1551,1165.000,5000.000,103.325,TOPO
1552,1166.433,5008.181,103.743,TOPO
1553,1166.614,5016.410,104.157,TOPO
1554,1166.189,5022.817,104.483,TOPO
1555,1166.898,5031.118,104.957,TOPO
1556,1164.261,5036.893,105.221,TOPO
1557,1166.477,5044.888,105.748,TOPO
1558,1165.010,5051.769,106.128,TOPO
1559,1166.977,5061.406,106.774,TOPO
1560,1166.191,5066.770,107.090,TOPO
1561,1165.808,5075.697,107.640,TOPO
1562,1165.147,5081.660,107.997,TOPO
1563,1166.167,5088.005,108.415,TOPO
1564,1163.221,5096.091,108.832,TOPO
1565,1163.556,5104.137,109.316,TOPO
1566,1166.347,5112.650,109.870,TOPO
1567,1164.264,5120.965,110.269,TOPO
1568,1165.387,5127.638,110.641,TOPO
1569,1165.125,5133.689,110.932,TOPO
1570,1164.417,5141.392,111.273,TOPO
1571,1166.464,5150.316,111.709,TOPO
1572,1163.678,5157.793,111.939,TOPO
1573,1166.410,5163.578,112.225,TOPO
1574,1164.219,5171.076,112.436,TOPO
1575,1165.000,5180.000,112.748,TOPO
1576,1172.500,5000.000,103.531,TOPO
1577,1172.465,5005.849,103.800,TOPO
1578,1173.422,5016.869,104.372,TOPO
1579,1173.365,5020.922,104.581,TOPO
1580,1171.333,5031.340,105.090,TOPO
1581,1171.753,5038.683,105.522,TOPO
1582,1173.259,5043.891,105.870,TOPO
1583,1174.076,5053.835,106.492,TOPO
1584,1172.087,5059.846,106.808,TOPO
1585,1172.212,5069.223,107.395,TOPO
1586,1174.129,5073.480,107.708,TOPO
1587,1171.834,5082.360,108.203,TOPO
1588,1171.638,5089.559,108.641,TOPO
1589,1173.098,5097.587,109.157,TOPO
1590,1172.302,5106.483,109.658,TOPO
1591,1170.752,5111.365,109.900,TOPO
1592,1170.928,5119.730,110.360,TOPO
1593,1172.811,5128.578,110.855,TOPO
1594,1171.020,5135.872,111.172,TOPO
1595,1171.393,5143.531,111.529,TOPO
1596,1171.187,5149.920,111.799,TOPO
1597,1171.643,5156.623,112.080,TOPO
1598,1174.285,5164.572,112.434,TOPO
1599,1172.449,5173.165,112.698,TOPO
1600,1172.500,5180.000,112.923,TOPO
1601,1180.000,5000.000,103.773,TOPO
1602,1179.164,5008.519,104.141,TOPO
1603,1178.870,5016.857,104.544,TOPO
1604,1180.721,5022.689,104.909,TOPO
1605,1181.933,5029.639,105.323,TOPO
1606,1179.098,5035.688,105.567,TOPO
1607,1178.068,5044.040,106.018,TOPO
1608,1179.957,5054.152,106.674,TOPO
1609,1180.756,5058.813,106.978,TOPO
1610,1179.386,5067.013,107.441,TOPO
1611,1180.952,5073.824,107.896,TOPO
1612,1181.387,5081.384,108.365,TOPO
1613,1179.303,5089.573,108.812,TOPO
1614,1180.703,5097.229,109.293,TOPO
1615,1180.607,5103.244,109.639,TOPO
1616,1181.029,5110.907,110.075,TOPO
1617,1181.618,5119.629,110.553,TOPO
1618,1180.923,5128.489,110.994,TOPO
1619,1178.242,5136.052,111.316,TOPO
1620,1181.801,5143.244,111.699,TOPO
1621,1179.522,5148.527,111.894,TOPO
1622,1180.892,5158.751,112.331,TOPO
1623,1180.080,5165.171,112.562,TOPO
1624,1181.854,5172.318,112.848,TOPO
1625,1180.000,5180.000,113.075,TOPO
1626,1187.500,5000.000,104.048,TOPO
1627,1185.636,5005.790,104.243,TOPO
1628,1188.097,5013.645,104.714,TOPO
1629,1188.954,5024.137,105.278,TOPO
1630,1186.108,5030.824,105.530,TOPO
1631,1186.701,5035.908,105.829,TOPO
1632,1186.908,5045.411,106.371,TOPO
1633,1186.297,5051.759,106.719,TOPO
1634,1188.131,5058.289,107.155,TOPO
1635,1189.277,5068.668,107.794,TOPO
1636,1187.814,5075.488,108.160,TOPO
1637,1187.871,5083.150,108.612,TOPO
1638,1185.602,5091.959,109.081,TOPO
1639,1186.300,5096.771,109.371,TOPO
1640,1188.838,5103.060,109.768,TOPO
1641,1188.024,5112.397,110.264,TOPO
1642,1187.375,5118.548,110.579,TOPO
1643,1185.548,5127.812,111.025,TOPO
1644,1187.789,5135.992,111.445,TOPO
1645,1187.277,5141.997,111.714,TOPO
1646,1187.735,5149.364,112.041,TOPO
1647,1187.414,5156.767,112.343,TOPO
1648,1189.464,5165.942,112.727,TOPO
1649,1187.221,5170.899,112.881,TOPO
1650,1187.500,5180.000,113.205,TOPO
1651,1195.000,5000.000,104.352,TOPO
1652,1194.420,5006.955,104.647,TOPO
1653,1193.778,5013.115,104.914,TOPO
1654,1195.105,5024.321,105.526,TOPO
1655,1194.445,5030.678,105.829,TOPO
1656,1193.578,5035.763,106.066,TOPO
1657,1195.426,5045.683,106.670,TOPO
1658,1195.456,5054.482,107.157,TOPO
1659,1195.161,5058.408,107.367,TOPO
1660,1196.435,5067.228,107.898,TOPO
1661,1195.091,5075.241,108.316,TOPO
1662,1194.870,5082.703,108.732,TOPO
1663,1194.556,5091.658,109.227,TOPO
1664,1195.142,5097.165,109.540,TOPO
1665,1194.304,5105.279,109.967,TOPO
1666,1196.457,5112.373,110.365,TOPO
1667,1193.218,5121.106,110.778,TOPO
1668,1193.884,5126.696,111.061,TOPO
1669,1194.728,5133.949,111.416,TOPO
1670,1195.183,5142.644,111.818,TOPO
1671,1194.631,5150.485,112.156,TOPO
1672,1194.793,5156.735,112.419,TOPO
1673,1194.286,5164.160,112.712,TOPO
1674,1196.869,5173.447,113.097,TOPO
1675,1195.000,5180.000,113.317,TOPO
1676,1202.500,5000.000,104.681,TOPO
1677,1202.823,5007.586,105.042,TOPO
1678,1203.895,5015.044,105.440,TOPO
1679,1204.013,5021.194,105.741,TOPO
1680,1200.642,5028.251,105.949,TOPO
1681,1202.337,5036.864,106.454,TOPO
1682,1201.297,5044.691,106.822,TOPO
1683,1200.705,5051.367,107.155,TOPO
1684,1202.760,5058.483,107.600,TOPO
1685,1202.268,5067.628,108.074,TOPO
1686,1201.446,5075.144,108.457,TOPO
1687,1203.959,5081.725,108.862,TOPO
1688,1202.011,5088.533,109.185,TOPO
1689,1202.746,5096.505,109.616,TOPO
1690,1201.407,5106.262,110.104,TOPO
1691,1201.407,5111.557,110.373,TOPO
1692,1202.502,5121.962,110.898,TOPO
1693,1203.475,5127.619,111.175,TOPO
1694,1201.606,5135.903,111.552,TOPO
1695,1202.538,5143.020,111.880,TOPO
1696,1202.077,5150.702,112.215,TOPO
1697,1201.859,5157.223,112.492,TOPO
1698,1203.391,5166.018,112.866,TOPO
1699,1201.478,5170.756,113.040,TOPO
1700,1202.500,5180.000,113.412,TOPO
1701,1210.000,5000.000,105.026,TOPO
1702,1208.326,5007.707,105.299,TOPO
1703,1209.452,5013.277,105.608,TOPO
1704,1208.254,5021.706,105.951,TOPO
1705,1210.796,5028.009,106.363,TOPO
1706,1211.358,5037.154,106.825,TOPO
1707,1209.051,5046.419,107.190,TOPO
1708,1211.251,5054.104,107.645,TOPO
1709,1209.946,5059.968,107.894,TOPO
1710,1211.842,5065.873,108.241,TOPO
1711,1208.927,5076.960,108.721,TOPO
1712,1209.500,5081.570,108.964,TOPO
1713,1210.926,5090.659,109.440,TOPO
1714,1208.055,5098.370,109.781,TOPO
1715,1210.783,5104.659,110.121,TOPO
1716,1208.841,5111.644,110.441,TOPO
1717,1210.216,5121.145,110.904,TOPO
1718,1211.541,5127.995,111.229,TOPO
1719,1211.302,5135.355,111.567,TOPO
1720,1211.073,5144.348,111.972,TOPO
1721,1208.052,5149.582,112.194,TOPO
1722,1210.300,5157.677,112.556,TOPO
1723,1208.102,5166.252,112.909,TOPO
1724,1208.595,5174.030,113.236,TOPO
1725,1210.000,5180.000,113.496,TOPO
1726,1217.500,5000.000,105.382,TOPO
1727,1219.093,5006.386,105.746,TOPO
1728,1218.813,5013.820,106.068,TOPO
1729,1217.508,5023.650,106.454,TOPO
1730,1216.764,5028.210,106.630,TOPO
1731,1216.956,5038.370,107.106,TOPO
1732,1217.304,5045.257,107.437,TOPO
1733,1217.623,5053.037,107.807,TOPO
1734,1218.260,5058.910,108.098,TOPO
1735,1216.738,5065.972,108.380,TOPO
1736,1217.253,5076.897,108.900,TOPO
1737,1219.463,5080.746,109.122,TOPO
1738,1215.750,5088.848,109.429,TOPO
1739,1215.555,5098.934,109.899,TOPO
1740,1215.917,5105.799,110.223,TOPO
1741,1216.651,5111.588,110.496,TOPO
1742,1217.412,5118.918,110.837,TOPO
1743,1217.867,5128.836,111.289,TOPO
1744,1219.016,5134.288,111.539,TOPO
1745,1215.877,5141.656,111.863,TOPO
1746,1217.199,5150.008,112.241,TOPO
1747,1217.692,5158.175,112.607,TOPO
1748,1216.264,5164.357,112.875,TOPO
1749,1218.307,5172.921,113.267,TOPO
1750,1217.500,5180.000,113.574,TOPO
1751,1225.000,5000.000,105.741,TOPO
1752,1225.060,5008.582,106.128,TOPO
1753,1223.357,5015.118,106.338,TOPO
1754,1223.797,5020.627,106.603,TOPO
1755,1224.883,5030.754,107.094,TOPO
1756,1226.160,5038.594,107.484,TOPO
1757,1225.066,5045.053,107.717,TOPO
1758,1224.816,5051.160,107.970,TOPO
1759,1223.033,5058.845,108.242,TOPO
1760,1225.131,5066.657,108.638,TOPO
1761,1226.115,5074.086,108.976,TOPO
1762,1225.219,5080.637,109.233,TOPO
1763,1224.169,5091.698,109.687,TOPO
1764,1223.318,5097.074,109.908,TOPO
1765,1225.542,5104.570,110.257,TOPO
1766,1225.114,5114.494,110.682,TOPO
1767,1223.175,5121.078,110.961,TOPO
1768,1225.186,5127.645,111.259,TOPO
1769,1224.702,5133.748,111.529,TOPO
1770,1224.895,5143.504,111.967,TOPO
1771,1223.627,5149.546,112.237,TOPO
1772,1226.333,5157.478,112.608,TOPO
1773,1225.774,5164.851,112.947,TOPO
1774,1226.274,5172.703,113.318,TOPO
1775,1225.000,5180.000,113.649,TOPO
1776,1232.500,5000.000,106.094,TOPO
1777,1231.713,5005.661,106.310,TOPO
1778,1230.786,5013.584,106.614,TOPO
1779,1231.669,5021.292,106.985,TOPO
1780,1231.218,5030.635,107.356,TOPO
1781,1231.378,5036.769,107.615,TOPO
1782,1232.988,5046.197,108.055,TOPO
1783,1234.499,5051.005,108.295,TOPO
1784,1231.794,5060.405,108.573,TOPO
1785,1230.709,5068.176,108.849,TOPO
1786,1231.814,5073.714,109.095,TOPO
1787,1231.435,5083.104,109.455,TOPO
1788,1234.490,5090.680,109.804,TOPO
1789,1231.514,5095.857,109.963,TOPO
1790,1231.041,5103.545,110.269,TOPO
1791,1231.527,5112.168,110.628,TOPO
1792,1233.756,5118.786,110.919,TOPO
1793,1232.788,5126.368,111.234,TOPO
1794,1231.939,5135.209,111.616,TOPO
1795,1233.252,5141.144,111.885,TOPO
1796,1232.153,5149.462,112.260,TOPO
1797,1230.688,5155.678,112.542,TOPO
1798,1233.525,5166.902,113.093,TOPO
1799,1233.736,5174.201,113.453,TOPO
1800,1232.500,5180.000,113.728,TOPO
1801,1240.000,5000.000,106.434,TOPO
1802,1240.000,5007.500,106.766,TOPO
1803,1240.000,5015.000,107.085,TOPO
1804,1240.000,5022.500,107.394,TOPO
1805,1240.000,5030.000,107.691,TOPO
1806,1240.000,5037.500,107.980,TOPO
1807,1240.000,5045.000,108.260,TOPO
1808,1240.000,5052.500,108.533,TOPO
1809,1240.000,5060.000,108.802,TOPO
1810,1240.000,5067.500,109.068,TOPO
1811,1240.000,5075.000,109.333,TOPO
1812,1240.000,5082.500,109.600,TOPO
1813,1240.000,5090.000,109.869,TOPO
1814,1240.000,5097.500,110.144,TOPO
1815,1240.000,5105.000,110.425,TOPO
1816,1240.000,5112.500,110.715,TOPO
1817,1240.000,5120.000,111.014,TOPO
1818,1240.000,5127.500,111.324,TOPO
1819,1240.000,5135.000,111.645,TOPO
1820,1240.000,5142.500,111.978,TOPO
1821,1240.000,5150.000,112.324,TOPO
1822,1240.000,5157.500,112.681,TOPO
1823,1240.000,5165.000,113.049,TOPO
1824,1240.000,5172.500,113.428,TOPO
1825,1240.000,5180.000,113.816,TOPO
1826,1056.283,5003.000,99.840,STR
1827,1058.791,5009.000,100.154,STR
1828,1061.125,5015.000,100.447,STR
1829,1063.180,5021.000,100.719,STR
1830,1064.860,5027.000,100.971,STR
1831,1066.089,5033.000,101.202,STR
1832,1066.811,5039.000,101.414,STR
1833,1066.992,5045.000,101.607,STR
1834,1066.625,5051.000,101.781,STR
1835,1065.726,5057.000,101.937,STR
1836,1064.337,5063.000,102.075,STR
1837,1062.520,5069.000,102.197,STR
1838,1060.360,5075.000,102.308,STR
1839,1057.954,5081.000,102.413,STR
1840,1055.413,5087.000,102.517,STR
1841,1052.854,5093.000,102.626,STR
1842,1050.392,5099.000,102.748,STR
1843,1048.141,5105.000,102.886,STR
1844,1046.204,5111.000,103.045,STR
1845,1044.670,5117.000,103.226,STR
1846,1043.607,5123.000,103.429,STR
1847,1043.066,5129.000,103.656,STR
1848,1043.071,5135.000,103.905,STR
1849,1043.622,5141.000,104.177,STR
1850,1044.693,5147.000,104.473,STR
1851,1046.235,5153.000,104.791,STR
1852,1048.179,5159.000,105.134,STR
1853,1050.434,5165.000,105.499,STR
1854,1052.898,5171.000,105.886,STR
1855,1055.459,5177.000,106.289,STR
1856,1090.000,5002.500,102.787,EP
1857,1090.000,5007.500,102.999,EP
1858,1100.000,5002.500,102.837,EP
1859,1100.000,5007.500,103.059,EP
1860,1110.000,5002.500,102.861,EP
1861,1110.000,5007.500,103.086,EP
1862,1120.000,5002.500,102.886,EP
1863,1120.000,5007.500,103.114,EP
1864,1130.000,5002.500,102.930,EP
1865,1130.000,5007.500,103.160,EP
1866,1140.000,5002.500,103.008,EP
1867,1140.000,5007.500,103.240,EP
1868,1150.000,5002.500,103.135,EP
1869,1150.000,5007.500,103.369,EP
1870,1160.000,5002.500,103.322,EP
1871,1160.000,5007.500,103.556,EP
1872,1170.000,5002.500,103.572,EP
1873,1170.000,5007.500,103.807,EP
1874,1180.000,5002.500,103.887,EP
1875,1180.000,5007.500,104.121,EP
1876,1190.000,5002.500,104.260,EP
1877,1190.000,5007.500,104.492,EP
1878,1200.000,5002.500,104.682,EP
1879,1200.000,5007.500,104.913,EP
1880,1210.000,5002.500,105.139,EP
1881,1210.000,5007.500,105.367,EP
1882,1220.000,5002.500,105.615,EP
1883,1220.000,5007.500,105.839,EP
1884,1230.000,5002.500,106.090,EP
1885,1230.000,5007.500,106.312,EP
1886,1240.000,5002.500,106.546,EP
1887,1240.000,5007.500,106.766,EP
1888,1059.233,5088.760,102.918,TREE
1889,1127.798,5076.776,106.703,TREE
1890,1198.630,5011.653,105.048,TREE
1891,1175.578,5021.069,104.656,TREE
1892,1128.777,5053.049,105.450,TREE
1893,1174.404,5085.062,108.430,TREE
1894,1164.775,5144.022,111.399,TREE
1895,1118.714,5051.325,105.195,TREE
1896,1108.651,5083.727,106.475,TREE
1897,1014.939,5119.972,105.445,TREE
1898,1194.972,5084.987,108.862,TREE
1899,1043.805,5055.545,103.643,TREE
1900,1133.310,5142.019,110.219,TREE
1901,1073.404,5119.072,106.552,TREE
1902,1070.642,5117.567,106.356,TREE
1903,1092.633,5134.367,107.987,TREE
1904,1192.847,5027.371,105.594,TREE
1905,1170.890,5099.373,109.213,TREE
1906,1089.688,5113.804,107.005,TREE
1907,1041.930,5146.615,104.496,TREE
1908,1178.095,5051.273,106.449,TREE
1909,1182.587,5156.936,112.286,TREE
1910,1152.695,5047.761,105.600,TREE
1911,1046.569,5111.385,103.069,TREE
